divisao_cnae;divisao_descricao;quantidade;tipo_empresa;percentual_no_tipo
47;COMÉRCIO VAREJISTA;2527;Demais portes;21.81
94;ATIVIDADES DE ORGANIZAÇÕES ASSOCIATIVAS;1978;Demais portes;17.07
01;AGRICULTURA, PECUÁRIA E SERVIÇOS RELACIONADOS;1848;Demais portes;15.95
;Divisão não mapeada;1450;Demais portes;12.51
56;ALIMENTAÇÃO;884;Demais portes;7.63
45;COMÉRCIO E REPARAÇÃO DE VEÍCULOS AUTOMOTORES E MOTOCICLETAS;248;Demais portes;2.14
46;COMÉRCIO POR ATACADO, EXCETO VEÍCULOS AUTOMOTORES E MOTOCICLETAS;228;Demais portes;1.97
64;ATIVIDADES DE SERVIÇOS FINANCEIROS;175;Demais portes;1.51
68;ATIVIDADES IMOBILIÁRIAS;170;Demais portes;1.47
86;ATIVIDADES DE ATENÇÃO À SAÚDE HUMANA;161;Demais portes;1.39
69;ATIVIDADES JURÍDICAS, DE CONTABILIDADE E DE AUDITORIA;158;Demais portes;1.36
41;CONSTRUÇÃO DE EDIFÍCIOS;146;Demais portes;1.26
81;SERVIÇOS PARA EDIFÍCIOS E ATIVIDADES PAISAGÍSTICAS;134;Demais portes;1.16
93;ATIVIDADES ESPORTIVAS E DE RECREAÇÃO E LAZER;115;Demais portes;0.99
49;TRANSPORTE TERRESTRE;112;Demais portes;0.97
82;SERVIÇOS DE ESCRITÓRIO, DE APOIO ADMINISTRATIVO E OUTROS SERVIÇOS PRESTADOS PRINCIPALMENTE ÀS EMPRESAS;97;Demais portes;0.84
85;EDUCAÇÃO;87;Demais portes;0.75
02;PRODUÇÃO FLORESTAL;82;Demais portes;0.71
74;OUTRAS ATIVIDADES PROFISSIONAIS, CIENTÍFICAS E TÉCNICAS;73;Demais portes;0.63
14;CONFECÇÃO DE ARTIGOS DO VESTUÁRIO E ACESSÓRIOS;55;Demais portes;0.47
25;FABRICAÇÃO DE PRODUTOS DE METAL, EXCETO MÁQUINAS  E EQUIPAMENTOS;45;Demais portes;0.39
71;"SERVIÇOS DE ARQUITETURA E ENGENHARIA; TESTES E ANÁLISES TÉCNICAS";45;Demais portes;0.39
70;ATIVIDADES DE SEDES DE EMPRESAS E DE CONSULTORIA EM GESTÃO EMPRESARIAL;43;Demais portes;0.37
66;ATIVIDADES AUXILIARES DOS SERVIÇOS FINANCEIROS, SEGUROS, PREVIDÊNCIA COMPLEMENTAR E PLANOS DE SAÚDE;42;Demais portes;0.36
23;FABRICAÇÃO DE PRODUTOS DE MINERAIS NÃO-METÁLICOS;35;Demais portes;0.3
10;FABRICAÇÃO DE PRODUTOS ALIMENTÍCIOS;34;Demais portes;0.29
78;SELEÇÃO, AGENCIAMENTO E LOCAÇÃO DE MÃO-DE-OBRA;29;Demais portes;0.25
84;ADMINISTRAÇÃO PÚBLICA, DEFESA E SEGURIDADE SOCIAL;26;Demais portes;0.22
03;PESCA E AQÜICULTURA;24;Demais portes;0.21
43;SERVIÇOS ESPECIALIZADOS PARA CONSTRUÇÃO;24;Demais portes;0.21
88;SERVIÇOS DE ASSISTÊNCIA SOCIAL SEM ALOJAMENTO;24;Demais portes;0.21
62;ATIVIDADES DOS SERVIÇOS DE TECNOLOGIA DA INFORMAÇÃO;23;Demais portes;0.2
87;ATIVIDADES DE ATENÇÃO À SAÚDE HUMANA INTEGRADAS COM ASSISTÊNCIA SOCIAL, PRESTADAS EM RESIDÊNCIAS COLETIVAS E PARTICULARES;23;Demais portes;0.2
77;ALUGUÉIS NÃO-IMOBILIÁRIOS E GESTÃO DE ATIVOS INTANGÍVEIS NÃO-FINANCEIROS;22;Demais portes;0.19
60;ATIVIDADES DE RÁDIO E DE TELEVISÃO;21;Demais portes;0.18
65;SEGUROS, RESSEGUROS, PREVIDÊNCIA COMPLEMENTAR E PLANOS DE SAÚDE;20;Demais portes;0.17
95;REPARAÇÃO E MANUTENÇÃO DE EQUIPAMENTOS DE INFORMÁTICA E COMUNICAÇÃO E DE OBJETOS PESSOAIS E DOMÉSTICOS;20;Demais portes;0.17
96;OUTRAS ATIVIDADES DE SERVIÇOS PESSOAIS;20;Demais portes;0.17
52;ARMAZENAMENTO E ATIVIDADES AUXILIARES DOS TRANSPORTES;16;Demais portes;0.14
79;AGÊNCIAS DE VIAGENS, OPERADORES TURÍSTICOS E SERVIÇOS DE RESERVAS;16;Demais portes;0.14
31;FABRICAÇÃO DE MÓVEIS;16;Demais portes;0.14
59;"ATIVIDADES CINEMATOGRÁFICAS, PRODUÇÃO DE VÍDEOS E DE PROGRAMAS DE TELEVISÃO; GRAVAÇÃO DE SOM E EDIÇÃO DE MÚSICA";16;Demais portes;0.14
42;OBRAS DE INFRA-ESTRUTURA;15;Demais portes;0.13
72;PESQUISA E DESENVOLVIMENTO CIENTÍFICO;15;Demais portes;0.13
29;FABRICAÇÃO DE VEÍCULOS AUTOMOTORES, REBOQUES E CARROCERIAS;14;Demais portes;0.12
90;ATIVIDADES ARTÍSTICAS, CRIATIVAS E DE ESPETÁCULOS;14;Demais portes;0.12
55;ALOJAMENTO;14;Demais portes;0.12
20;FABRICAÇÃO DE PRODUTOS QUÍMICOS;13;Demais portes;0.11
58;EDIÇÃO E EDIÇÃO INTEGRADA À IMPRESSÃO;13;Demais portes;0.11
15;PREPARAÇÃO DE COUROS E FABRICAÇÃO DE ARTEFATOS DE COURO, ARTIGOS PARA VIAGEM E CALÇADOS;13;Demais portes;0.11
16;FABRICAÇÃO DE PRODUTOS DE MADEIRA;13;Demais portes;0.11
22;FABRICAÇÃO DE PRODUTOS DE BORRACHA E DE MATERIAL PLÁSTICO;12;Demais portes;0.1
73;PUBLICIDADE E PESQUISA DE MERCADO;12;Demais portes;0.1
61;TELECOMUNICAÇÕES;12;Demais portes;0.1
30;FABRICAÇÃO DE OUTROS EQUIPAMENTOS DE TRANSPORTE, EXCETO VEÍCULOS AUTOMOTORES;12;Demais portes;0.1
38;"COLETA, TRATAMENTO E DISPOSIÇÃO DE RESÍDUOS; RECUPERAÇÃO DE MATERIAIS";11;Demais portes;0.09
28;FABRICAÇÃO DE MÁQUINAS E EQUIPAMENTOS;11;Demais portes;0.09
32;FABRICAÇÃO DE PRODUTOS DIVERSOS;11;Demais portes;0.09
63;ATIVIDADES DE PRESTAÇÃO DE SERVIÇOS DE INFORMAÇÃO;9;Demais portes;0.08
08;EXTRAÇÃO DE MINERAIS NÃO-METÁLICOS;7;Demais portes;0.06
13;FABRICAÇÃO DE PRODUTOS TÊXTEIS;6;Demais portes;0.05
92;ATIVIDADES DE EXPLORAÇÃO DE JOGOS DE AZAR E APOSTAS;6;Demais portes;0.05
35;ELETRICIDADE, GÁS E OUTRAS UTILIDADES;6;Demais portes;0.05
24;METALURGIA;5;Demais portes;0.04
80;ATIVIDADES DE VIGILÂNCIA, SEGURANÇA E INVESTIGAÇÃO;5;Demais portes;0.04
11;FABRICAÇÃO DE BEBIDAS;4;Demais portes;0.03
53;CORREIO E OUTRAS ATIVIDADES DE ENTREGA;3;Demais portes;0.03
75;ATIVIDADES VETERINÁRIAS;3;Demais portes;0.03
27;FABRICAÇÃO DE MÁQUINAS, APARELHOS E MATERIAIS ELÉTRICOS;3;Demais portes;0.03
91;ATIVIDADES LIGADAS AO PATRIMÔNIO CULTURAL E AMBIENTAL;3;Demais portes;0.03
21;FABRICAÇÃO DE PRODUTOS FARMOQUÍMICOS E FARMACÊUTICOS;2;Demais portes;0.02
33;MANUTENÇÃO, REPARAÇÃO E INSTALAÇÃO DE MÁQUINAS E EQUIPAMENTOS;2;Demais portes;0.02
18;IMPRESSÃO E REPRODUÇÃO DE GRAVAÇÕES;2;Demais portes;0.02
17;FABRICAÇÃO DE CELULOSE, PAPEL E PRODUTOS DE PAPEL;1;Demais portes;0.01
12;FABRICAÇÃO DE PRODUTOS DO FUMO;1;Demais portes;0.01
50;TRANSPORTE AQUAVIÁRIO;1;Demais portes;0.01
36;CAPTAÇÃO, TRATAMENTO E DISTRIBUIÇÃO DE ÁGUA;1;Demais portes;0.01
47;COMÉRCIO VAREJISTA;414;EPP;28.2
86;ATIVIDADES DE ATENÇÃO À SAÚDE HUMANA;163;EPP;11.1
46;COMÉRCIO POR ATACADO, EXCETO VEÍCULOS AUTOMOTORES E MOTOCICLETAS;84;EPP;5.72
45;COMÉRCIO E REPARAÇÃO DE VEÍCULOS AUTOMOTORES E MOTOCICLETAS;82;EPP;5.59
56;ALIMENTAÇÃO;64;EPP;4.36
82;SERVIÇOS DE ESCRITÓRIO, DE APOIO ADMINISTRATIVO E OUTROS SERVIÇOS PRESTADOS PRINCIPALMENTE ÀS EMPRESAS;60;EPP;4.09
49;TRANSPORTE TERRESTRE;47;EPP;3.2
68;ATIVIDADES IMOBILIÁRIAS;40;EPP;2.72
41;CONSTRUÇÃO DE EDIFÍCIOS;38;EPP;2.59
85;EDUCAÇÃO;38;EPP;2.59
43;SERVIÇOS ESPECIALIZADOS PARA CONSTRUÇÃO;34;EPP;2.32
25;FABRICAÇÃO DE PRODUTOS DE METAL, EXCETO MÁQUINAS  E EQUIPAMENTOS;31;EPP;2.11
70;ATIVIDADES DE SEDES DE EMPRESAS E DE CONSULTORIA EM GESTÃO EMPRESARIAL;25;EPP;1.7
64;ATIVIDADES DE SERVIÇOS FINANCEIROS;19;EPP;1.29
22;FABRICAÇÃO DE PRODUTOS DE BORRACHA E DE MATERIAL PLÁSTICO;18;EPP;1.23
71;"SERVIÇOS DE ARQUITETURA E ENGENHARIA; TESTES E ANÁLISES TÉCNICAS";18;EPP;1.23
96;OUTRAS ATIVIDADES DE SERVIÇOS PESSOAIS;16;EPP;1.09
81;SERVIÇOS PARA EDIFÍCIOS E ATIVIDADES PAISAGÍSTICAS;15;EPP;1.02
14;CONFECÇÃO DE ARTIGOS DO VESTUÁRIO E ACESSÓRIOS;15;EPP;1.02
66;ATIVIDADES AUXILIARES DOS SERVIÇOS FINANCEIROS, SEGUROS, PREVIDÊNCIA COMPLEMENTAR E PLANOS DE SAÚDE;14;EPP;0.95
69;ATIVIDADES JURÍDICAS, DE CONTABILIDADE E DE AUDITORIA;13;EPP;0.89
10;FABRICAÇÃO DE PRODUTOS ALIMENTÍCIOS;13;EPP;0.89
73;PUBLICIDADE E PESQUISA DE MERCADO;13;EPP;0.89
29;FABRICAÇÃO DE VEÍCULOS AUTOMOTORES, REBOQUES E CARROCERIAS;13;EPP;0.89
74;OUTRAS ATIVIDADES PROFISSIONAIS, CIENTÍFICAS E TÉCNICAS;12;EPP;0.82
62;ATIVIDADES DOS SERVIÇOS DE TECNOLOGIA DA INFORMAÇÃO;11;EPP;0.75
77;ALUGUÉIS NÃO-IMOBILIÁRIOS E GESTÃO DE ATIVOS INTANGÍVEIS NÃO-FINANCEIROS;10;EPP;0.68
01;AGRICULTURA, PECUÁRIA E SERVIÇOS RELACIONADOS;10;EPP;0.68
75;ATIVIDADES VETERINÁRIAS;9;EPP;0.61
79;AGÊNCIAS DE VIAGENS, OPERADORES TURÍSTICOS E SERVIÇOS DE RESERVAS;8;EPP;0.54
42;OBRAS DE INFRA-ESTRUTURA;8;EPP;0.54
93;ATIVIDADES ESPORTIVAS E DE RECREAÇÃO E LAZER;8;EPP;0.54
90;ATIVIDADES ARTÍSTICAS, CRIATIVAS E DE ESPETÁCULOS;7;EPP;0.48
63;ATIVIDADES DE PRESTAÇÃO DE SERVIÇOS DE INFORMAÇÃO;6;EPP;0.41
58;EDIÇÃO E EDIÇÃO INTEGRADA À IMPRESSÃO;6;EPP;0.41
16;FABRICAÇÃO DE PRODUTOS DE MADEIRA;5;EPP;0.34
02;PRODUÇÃO FLORESTAL;5;EPP;0.34
61;TELECOMUNICAÇÕES;5;EPP;0.34
72;PESQUISA E DESENVOLVIMENTO CIENTÍFICO;5;EPP;0.34
33;MANUTENÇÃO, REPARAÇÃO E INSTALAÇÃO DE MÁQUINAS E EQUIPAMENTOS;5;EPP;0.34
23;FABRICAÇÃO DE PRODUTOS DE MINERAIS NÃO-METÁLICOS;5;EPP;0.34
31;FABRICAÇÃO DE MÓVEIS;5;EPP;0.34
95;REPARAÇÃO E MANUTENÇÃO DE EQUIPAMENTOS DE INFORMÁTICA E COMUNICAÇÃO E DE OBJETOS PESSOAIS E DOMÉSTICOS;4;EPP;0.27
38;"COLETA, TRATAMENTO E DISPOSIÇÃO DE RESÍDUOS; RECUPERAÇÃO DE MATERIAIS";4;EPP;0.27
87;ATIVIDADES DE ATENÇÃO À SAÚDE HUMANA INTEGRADAS COM ASSISTÊNCIA SOCIAL, PRESTADAS EM RESIDÊNCIAS COLETIVAS E PARTICULARES;4;EPP;0.27
32;FABRICAÇÃO DE PRODUTOS DIVERSOS;4;EPP;0.27
52;ARMAZENAMENTO E ATIVIDADES AUXILIARES DOS TRANSPORTES;4;EPP;0.27
55;ALOJAMENTO;4;EPP;0.27
18;IMPRESSÃO E REPRODUÇÃO DE GRAVAÇÕES;3;EPP;0.2
28;FABRICAÇÃO DE MÁQUINAS E EQUIPAMENTOS;3;EPP;0.2
59;"ATIVIDADES CINEMATOGRÁFICAS, PRODUÇÃO DE VÍDEOS E DE PROGRAMAS DE TELEVISÃO; GRAVAÇÃO DE SOM E EDIÇÃO DE MÚSICA";3;EPP;0.2
80;ATIVIDADES DE VIGILÂNCIA, SEGURANÇA E INVESTIGAÇÃO;3;EPP;0.2
53;CORREIO E OUTRAS ATIVIDADES DE ENTREGA;3;EPP;0.2
21;FABRICAÇÃO DE PRODUTOS FARMOQUÍMICOS E FARMACÊUTICOS;2;EPP;0.14
11;FABRICAÇÃO DE BEBIDAS;2;EPP;0.14
30;FABRICAÇÃO DE OUTROS EQUIPAMENTOS DE TRANSPORTE, EXCETO VEÍCULOS AUTOMOTORES;1;EPP;0.07
20;FABRICAÇÃO DE PRODUTOS QUÍMICOS;1;EPP;0.07
24;METALURGIA;1;EPP;0.07
26;FABRICAÇÃO DE EQUIPAMENTOS DE INFORMÁTICA, PRODUTOS ELETRÔNICOS E ÓPTICOS;1;EPP;0.07
13;FABRICAÇÃO DE PRODUTOS TÊXTEIS;1;EPP;0.07
60;ATIVIDADES DE RÁDIO E DE TELEVISÃO;1;EPP;0.07
78;SELEÇÃO, AGENCIAMENTO E LOCAÇÃO DE MÃO-DE-OBRA;1;EPP;0.07
91;ATIVIDADES LIGADAS AO PATRIMÔNIO CULTURAL E AMBIENTAL;1;EPP;0.07
47;COMÉRCIO VAREJISTA;7547;ME (Microempresa);29.7
56;ALIMENTAÇÃO;3289;ME (Microempresa);12.94
43;SERVIÇOS ESPECIALIZADOS PARA CONSTRUÇÃO;1587;ME (Microempresa);6.25
96;OUTRAS ATIVIDADES DE SERVIÇOS PESSOAIS;1172;ME (Microempresa);4.61
45;COMÉRCIO E REPARAÇÃO DE VEÍCULOS AUTOMOTORES E MOTOCICLETAS;1167;ME (Microempresa);4.59
85;EDUCAÇÃO;1164;ME (Microempresa);4.58
82;SERVIÇOS DE ESCRITÓRIO, DE APOIO ADMINISTRATIVO E OUTROS SERVIÇOS PRESTADOS PRINCIPALMENTE ÀS EMPRESAS;1157;ME (Microempresa);4.55
73;PUBLICIDADE E PESQUISA DE MERCADO;823;ME (Microempresa);3.24
49;TRANSPORTE TERRESTRE;616;ME (Microempresa);2.42
86;ATIVIDADES DE ATENÇÃO À SAÚDE HUMANA;578;ME (Microempresa);2.27
46;COMÉRCIO POR ATACADO, EXCETO VEÍCULOS AUTOMOTORES E MOTOCICLETAS;503;ME (Microempresa);1.98
95;REPARAÇÃO E MANUTENÇÃO DE EQUIPAMENTOS DE INFORMÁTICA E COMUNICAÇÃO E DE OBJETOS PESSOAIS E DOMÉSTICOS;344;ME (Microempresa);1.35
97;SERVIÇOS DOMÉSTICOS;277;ME (Microempresa);1.09
14;CONFECÇÃO DE ARTIGOS DO VESTUÁRIO E ACESSÓRIOS;275;ME (Microempresa);1.08
53;CORREIO E OUTRAS ATIVIDADES DE ENTREGA;275;ME (Microempresa);1.08
81;SERVIÇOS PARA EDIFÍCIOS E ATIVIDADES PAISAGÍSTICAS;269;ME (Microempresa);1.06
87;ATIVIDADES DE ATENÇÃO À SAÚDE HUMANA INTEGRADAS COM ASSISTÊNCIA SOCIAL, PRESTADAS EM RESIDÊNCIAS COLETIVAS E PARTICULARES;257;ME (Microempresa);1.01
25;FABRICAÇÃO DE PRODUTOS DE METAL, EXCETO MÁQUINAS  E EQUIPAMENTOS;247;ME (Microempresa);0.97
10;FABRICAÇÃO DE PRODUTOS ALIMENTÍCIOS;234;ME (Microempresa);0.92
93;ATIVIDADES ESPORTIVAS E DE RECREAÇÃO E LAZER;209;ME (Microempresa);0.82
41;CONSTRUÇÃO DE EDIFÍCIOS;206;ME (Microempresa);0.81
74;OUTRAS ATIVIDADES PROFISSIONAIS, CIENTÍFICAS E TÉCNICAS;188;ME (Microempresa);0.74
58;EDIÇÃO E EDIÇÃO INTEGRADA À IMPRESSÃO;188;ME (Microempresa);0.74
33;MANUTENÇÃO, REPARAÇÃO E INSTALAÇÃO DE MÁQUINAS E EQUIPAMENTOS;180;ME (Microempresa);0.71
71;"SERVIÇOS DE ARQUITETURA E ENGENHARIA; TESTES E ANÁLISES TÉCNICAS";169;ME (Microempresa);0.67
68;ATIVIDADES IMOBILIÁRIAS;165;ME (Microempresa);0.65
77;ALUGUÉIS NÃO-IMOBILIÁRIOS E GESTÃO DE ATIVOS INTANGÍVEIS NÃO-FINANCEIROS;158;ME (Microempresa);0.62
52;ARMAZENAMENTO E ATIVIDADES AUXILIARES DOS TRANSPORTES;158;ME (Microempresa);0.62
70;ATIVIDADES DE SEDES DE EMPRESAS E DE CONSULTORIA EM GESTÃO EMPRESARIAL;135;ME (Microempresa);0.53
32;FABRICAÇÃO DE PRODUTOS DIVERSOS;128;ME (Microempresa);0.5
62;ATIVIDADES DOS SERVIÇOS DE TECNOLOGIA DA INFORMAÇÃO;127;ME (Microempresa);0.5
69;ATIVIDADES JURÍDICAS, DE CONTABILIDADE E DE AUDITORIA;124;ME (Microempresa);0.49
90;ATIVIDADES ARTÍSTICAS, CRIATIVAS E DE ESPETÁCULOS;116;ME (Microempresa);0.46
79;AGÊNCIAS DE VIAGENS, OPERADORES TURÍSTICOS E SERVIÇOS DE RESERVAS;105;ME (Microempresa);0.41
01;AGRICULTURA, PECUÁRIA E SERVIÇOS RELACIONADOS;91;ME (Microempresa);0.36
31;FABRICAÇÃO DE MÓVEIS;86;ME (Microempresa);0.34
59;"ATIVIDADES CINEMATOGRÁFICAS, PRODUÇÃO DE VÍDEOS E DE PROGRAMAS DE TELEVISÃO; GRAVAÇÃO DE SOM E EDIÇÃO DE MÚSICA";76;ME (Microempresa);0.3
13;FABRICAÇÃO DE PRODUTOS TÊXTEIS;72;ME (Microempresa);0.28
;Divisão não mapeada;71;ME (Microempresa);0.28
23;FABRICAÇÃO DE PRODUTOS DE MINERAIS NÃO-METÁLICOS;67;ME (Microempresa);0.26
18;IMPRESSÃO E REPRODUÇÃO DE GRAVAÇÕES;62;ME (Microempresa);0.24
63;ATIVIDADES DE PRESTAÇÃO DE SERVIÇOS DE INFORMAÇÃO;57;ME (Microempresa);0.22
55;ALOJAMENTO;56;ME (Microempresa);0.22
66;ATIVIDADES AUXILIARES DOS SERVIÇOS FINANCEIROS, SEGUROS, PREVIDÊNCIA COMPLEMENTAR E PLANOS DE SAÚDE;55;ME (Microempresa);0.22
80;ATIVIDADES DE VIGILÂNCIA, SEGURANÇA E INVESTIGAÇÃO;51;ME (Microempresa);0.2
61;TELECOMUNICAÇÕES;49;ME (Microempresa);0.19
38;"COLETA, TRATAMENTO E DISPOSIÇÃO DE RESÍDUOS; RECUPERAÇÃO DE MATERIAIS";49;ME (Microempresa);0.19
22;FABRICAÇÃO DE PRODUTOS DE BORRACHA E DE MATERIAL PLÁSTICO;43;ME (Microempresa);0.17
16;FABRICAÇÃO DE PRODUTOS DE MADEIRA;42;ME (Microempresa);0.17
75;ATIVIDADES VETERINÁRIAS;40;ME (Microempresa);0.16
42;OBRAS DE INFRA-ESTRUTURA;37;ME (Microempresa);0.15
29;FABRICAÇÃO DE VEÍCULOS AUTOMOTORES, REBOQUES E CARROCERIAS;31;ME (Microempresa);0.12
15;PREPARAÇÃO DE COUROS E FABRICAÇÃO DE ARTEFATOS DE COURO, ARTIGOS PARA VIAGEM E CALÇADOS;26;ME (Microempresa);0.1
72;PESQUISA E DESENVOLVIMENTO CIENTÍFICO;25;ME (Microempresa);0.1
03;PESCA E AQÜICULTURA;24;ME (Microempresa);0.09
20;FABRICAÇÃO DE PRODUTOS QUÍMICOS;24;ME (Microempresa);0.09
17;FABRICAÇÃO DE CELULOSE, PAPEL E PRODUTOS DE PAPEL;19;ME (Microempresa);0.07
02;PRODUÇÃO FLORESTAL;18;ME (Microempresa);0.07
64;ATIVIDADES DE SERVIÇOS FINANCEIROS;18;ME (Microempresa);0.07
78;SELEÇÃO, AGENCIAMENTO E LOCAÇÃO DE MÃO-DE-OBRA;14;ME (Microempresa);0.06
28;FABRICAÇÃO DE MÁQUINAS E EQUIPAMENTOS;14;ME (Microempresa);0.06
60;ATIVIDADES DE RÁDIO E DE TELEVISÃO;8;ME (Microempresa);0.03
11;FABRICAÇÃO DE BEBIDAS;7;ME (Microempresa);0.03
08;EXTRAÇÃO DE MINERAIS NÃO-METÁLICOS;6;ME (Microempresa);0.02
27;FABRICAÇÃO DE MÁQUINAS, APARELHOS E MATERIAIS ELÉTRICOS;6;ME (Microempresa);0.02
91;ATIVIDADES LIGADAS AO PATRIMÔNIO CULTURAL E AMBIENTAL;5;ME (Microempresa);0.02
30;FABRICAÇÃO DE OUTROS EQUIPAMENTOS DE TRANSPORTE, EXCETO VEÍCULOS AUTOMOTORES;5;ME (Microempresa);0.02
24;METALURGIA;4;ME (Microempresa);0.02
37;ESGOTO E ATIVIDADES RELACIONADAS;4;ME (Microempresa);0.02
26;FABRICAÇÃO DE EQUIPAMENTOS DE INFORMÁTICA, PRODUTOS ELETRÔNICOS E ÓPTICOS;3;ME (Microempresa);0.01
65;SEGUROS, RESSEGUROS, PREVIDÊNCIA COMPLEMENTAR E PLANOS DE SAÚDE;3;ME (Microempresa);0.01
88;SERVIÇOS DE ASSISTÊNCIA SOCIAL SEM ALOJAMENTO;2;ME (Microempresa);0.01
21;FABRICAÇÃO DE PRODUTOS FARMOQUÍMICOS E FARMACÊUTICOS;2;ME (Microempresa);0.01
50;TRANSPORTE AQUAVIÁRIO;1;ME (Microempresa);0.0
92;ATIVIDADES DE EXPLORAÇÃO DE JOGOS DE AZAR E APOSTAS;1;ME (Microempresa);0.0
47;COMÉRCIO VAREJISTA;2590;MEI (inativo no CNPJ);16.83
43;SERVIÇOS ESPECIALIZADOS PARA CONSTRUÇÃO;1969;MEI (inativo no CNPJ);12.79
56;ALIMENTAÇÃO;1887;MEI (inativo no CNPJ);12.26
96;OUTRAS ATIVIDADES DE SERVIÇOS PESSOAIS;1565;MEI (inativo no CNPJ);10.17
85;EDUCAÇÃO;1054;MEI (inativo no CNPJ);6.85
82;SERVIÇOS DE ESCRITÓRIO, DE APOIO ADMINISTRATIVO E OUTROS SERVIÇOS PRESTADOS PRINCIPALMENTE ÀS EMPRESAS;732;MEI (inativo no CNPJ);4.76
73;PUBLICIDADE E PESQUISA DE MERCADO;685;MEI (inativo no CNPJ);4.45
45;COMÉRCIO E REPARAÇÃO DE VEÍCULOS AUTOMOTORES E MOTOCICLETAS;615;MEI (inativo no CNPJ);4.0
97;SERVIÇOS DOMÉSTICOS;516;MEI (inativo no CNPJ);3.35
49;TRANSPORTE TERRESTRE;452;MEI (inativo no CNPJ);2.94
53;CORREIO E OUTRAS ATIVIDADES DE ENTREGA;346;MEI (inativo no CNPJ);2.25
87;ATIVIDADES DE ATENÇÃO À SAÚDE HUMANA INTEGRADAS COM ASSISTÊNCIA SOCIAL, PRESTADAS EM RESIDÊNCIAS COLETIVAS E PARTICULARES;324;MEI (inativo no CNPJ);2.1
95;REPARAÇÃO E MANUTENÇÃO DE EQUIPAMENTOS DE INFORMÁTICA E COMUNICAÇÃO E DE OBJETOS PESSOAIS E DOMÉSTICOS;276;MEI (inativo no CNPJ);1.79
81;SERVIÇOS PARA EDIFÍCIOS E ATIVIDADES PAISAGÍSTICAS;226;MEI (inativo no CNPJ);1.47
10;FABRICAÇÃO DE PRODUTOS ALIMENTÍCIOS;182;MEI (inativo no CNPJ);1.18
14;CONFECÇÃO DE ARTIGOS DO VESTUÁRIO E ACESSÓRIOS;177;MEI (inativo no CNPJ);1.15
25;FABRICAÇÃO DE PRODUTOS DE METAL, EXCETO MÁQUINAS  E EQUIPAMENTOS;173;MEI (inativo no CNPJ);1.12
52;ARMAZENAMENTO E ATIVIDADES AUXILIARES DOS TRANSPORTES;170;MEI (inativo no CNPJ);1.1
32;FABRICAÇÃO DE PRODUTOS DIVERSOS;170;MEI (inativo no CNPJ);1.1
58;EDIÇÃO E EDIÇÃO INTEGRADA À IMPRESSÃO;167;MEI (inativo no CNPJ);1.08
33;MANUTENÇÃO, REPARAÇÃO E INSTALAÇÃO DE MÁQUINAS E EQUIPAMENTOS;133;MEI (inativo no CNPJ);0.86
90;ATIVIDADES ARTÍSTICAS, CRIATIVAS E DE ESPETÁCULOS;119;MEI (inativo no CNPJ);0.77
74;OUTRAS ATIVIDADES PROFISSIONAIS, CIENTÍFICAS E TÉCNICAS;108;MEI (inativo no CNPJ);0.7
01;AGRICULTURA, PECUÁRIA E SERVIÇOS RELACIONADOS;96;MEI (inativo no CNPJ);0.62
31;FABRICAÇÃO DE MÓVEIS;93;MEI (inativo no CNPJ);0.6
59;"ATIVIDADES CINEMATOGRÁFICAS, PRODUÇÃO DE VÍDEOS E DE PROGRAMAS DE TELEVISÃO; GRAVAÇÃO DE SOM E EDIÇÃO DE MÚSICA";82;MEI (inativo no CNPJ);0.53
13;FABRICAÇÃO DE PRODUTOS TÊXTEIS;71;MEI (inativo no CNPJ);0.46
77;ALUGUÉIS NÃO-IMOBILIÁRIOS E GESTÃO DE ATIVOS INTANGÍVEIS NÃO-FINANCEIROS;71;MEI (inativo no CNPJ);0.46
79;AGÊNCIAS DE VIAGENS, OPERADORES TURÍSTICOS E SERVIÇOS DE RESERVAS;70;MEI (inativo no CNPJ);0.45
18;IMPRESSÃO E REPRODUÇÃO DE GRAVAÇÕES;46;MEI (inativo no CNPJ);0.3
16;FABRICAÇÃO DE PRODUTOS DE MADEIRA;45;MEI (inativo no CNPJ);0.29
38;"COLETA, TRATAMENTO E DISPOSIÇÃO DE RESÍDUOS; RECUPERAÇÃO DE MATERIAIS";44;MEI (inativo no CNPJ);0.29
23;FABRICAÇÃO DE PRODUTOS DE MINERAIS NÃO-METÁLICOS;31;MEI (inativo no CNPJ);0.2
61;TELECOMUNICAÇÕES;23;MEI (inativo no CNPJ);0.15
93;ATIVIDADES ESPORTIVAS E DE RECREAÇÃO E LAZER;20;MEI (inativo no CNPJ);0.13
55;ALOJAMENTO;18;MEI (inativo no CNPJ);0.12
22;FABRICAÇÃO DE PRODUTOS DE BORRACHA E DE MATERIAL PLÁSTICO;13;MEI (inativo no CNPJ);0.08
15;PREPARAÇÃO DE COUROS E FABRICAÇÃO DE ARTEFATOS DE COURO, ARTIGOS PARA VIAGEM E CALÇADOS;10;MEI (inativo no CNPJ);0.06
17;FABRICAÇÃO DE CELULOSE, PAPEL E PRODUTOS DE PAPEL;9;MEI (inativo no CNPJ);0.06
63;ATIVIDADES DE PRESTAÇÃO DE SERVIÇOS DE INFORMAÇÃO;6;MEI (inativo no CNPJ);0.04
80;ATIVIDADES DE VIGILÂNCIA, SEGURANÇA E INVESTIGAÇÃO;4;MEI (inativo no CNPJ);0.03
03;PESCA E AQÜICULTURA;1;MEI (inativo no CNPJ);0.01
11;FABRICAÇÃO DE BEBIDAS;1;MEI (inativo no CNPJ);0.01
50;TRANSPORTE AQUAVIÁRIO;1;MEI (inativo no CNPJ);0.01
37;ESGOTO E ATIVIDADES RELACIONADAS;1;MEI (inativo no CNPJ);0.01
